{"languages":{"python":{"displayName":"Python","files":["kohya_ss/train_textual_inversion.py","kohya_ss/XTI_hijack.py","kohya_ss/train_db.py","kohya_ss/sdxl_train_network.py","kohya_ss/sdxl_train.py","kohya_ss/train_textual_inversion_XTI.py","kohya_ss/fine_tune.py","kohya_ss/sdxl_train_textual_inversion.py","kohya_ss/lora_gui.py","kohya_ss/dreambooth_gui.py","kohya_ss/textual_inversion_gui.py","kohya_ss/finetune_gui.py","kohya_ss/sdxl_train_control_net_lllite.py","kohya_ss/gen_img_diffusers.py","kohya_ss/train_controlnet.py","kohya_ss/train_network.py","kohya_ss/kohya_gui.py","kohya_ss/sdxl_train_control_net_lllite_old.py","kohya_ss/sdxl_minimal_inference.py","kohya_ss/sdxl_gen_img.py","kohya_ss/setup/create_user_files.py","kohya_ss/networks/dylora.py","kohya_ss/networks/control_net_lllite.py","kohya_ss/finetune/tag_images_by_wd14_tagger.py","kohya_ss/networks/extract_lora_from_models.py","kohya_ss/finetune/make_captions_by_git.py","kohya_ss/networks/extract_lora_from_dylora.py","kohya_ss/finetune/merge_captions_to_metadata.py","kohya_ss/networks/lora_interrogator.py","kohya_ss/networks/lora_diffusers.py","kohya_ss/setup/setup_runpod.py","kohya_ss/bitsandbytes_windows/cextension.py","kohya_ss/library/merge_lora_gui.py","kohya_ss/setup/docker_setup.py","kohya_ss/networks/oft.py","kohya_ss/finetune/make_captions.py","kohya_ss/library/git_caption_gui.py","kohya_ss/setup/validate_requirements.py","kohya_ss/bitsandbytes_windows/main.py","kohya_ss/finetune/clean_captions_and_tags.py","kohya_ss/library/sdxl_original_unet.py","kohya_ss/library/class_folders.py","kohya_ss/networks/lora_fa.py","kohya_ss/networks/svd_merge_lora.py","kohya_ss/setup/setup_windows.py","kohya_ss/finetune/merge_dd_tags_to_metadata.py","kohya_ss/setup/update_bitsandbytes.py","kohya_ss/library/class_configuration_file.py","kohya_ss/finetune/prepare_buckets_latents.py","kohya_ss/setup/setup_common.py","kohya_ss/networks/merge_lora.py","kohya_ss/networks/resize_lora.py","kohya_ss/tools/latent_upscaler.py","kohya_ss/setup/debug_info.py","kohya_ss/library/class_advanced_training.py","kohya_ss/finetune/blip/blip.py","kohya_ss/setup/setup_linux.py","kohya_ss/finetune/blip/med.py","kohya_ss/library/basic_caption_gui.py","kohya_ss/library/class_dreambooth_gui.py","kohya_ss/library/convert_model_gui.py","kohya_ss/tools/convert_html_to_md.py","kohya_ss/library/extract_lycoris_locon_gui.py","kohya_ss/library/wd14_caption_gui.py","kohya_ss/networks/lora.py","kohya_ss/library/class_sample_images.py","kohya_ss/finetune/blip/vit.py","kohya_ss/tools/original_control_net.py","kohya_ss/networks/control_net_lllite_for_train.py","kohya_ss/library/dataset_balancing_gui.py","kohya_ss/tools/convert_diffusers20_original_sd.py","kohya_ss/setup/check_local_modules.py","kohya_ss/networks/sdxl_merge_lora.py","kohya_ss/tools/cleanup_captions.py","kohya_ss/library/tensorboard_gui.py","kohya_ss/tools/convert_images_to_webp.py","kohya_ss/library/lpw_stable_diffusion.py","kohya_ss/library/sdxl_lpw_stable_diffusion.py","kohya_ss/tools/detect_face_rotate.py","kohya_ss/networks/merge_lora_old.py","kohya_ss/tools/create_txt_from_images.py","kohya_ss/tools/convert_images_to_hq_jpg.py","kohya_ss/library/extract_lora_gui.py","kohya_ss/tools/cache_text_encoder_outputs.py","kohya_ss/tools/gradio_theme_builder.py","kohya_ss/tools/merge_lycoris.py","kohya_ss/tools/caption.py","kohya_ss/tools/crop_images_to_n_buckets.py","kohya_ss/library/model_util.py","kohya_ss/library/__init__.py","kohya_ss/tools/cache_latents.py","kohya_ss/tools/canny.py","kohya_ss/tools/show_metadata.py","kohya_ss/tools/group_images.py","kohya_ss/tools/merge_models.py","kohya_ss/library/localization_ext.py","kohya_ss/library/lpw_stable_diffusion_orig.py","kohya_ss/library/attention_processors.py","kohya_ss/tools/group_images_recommended_size.py","kohya_ss/library/sdxl_train_util.py","kohya_ss/tools/lcm_convert.py","kohya_ss/library/huggingface_util.py","kohya_ss/tools/prune.py","kohya_ss/library/class_basic_training.py","kohya_ss/library/svd_merge_lora_gui.py","kohya_ss/library/sdxl_model_util.py","kohya_ss/tools/rename_depth_mask.py","kohya_ss/tools/extract_locon.py","kohya_ss/tools/lycoris_utils.py","kohya_ss/tools/prepare_presets.py","kohya_ss/tools/resize_lora.py","kohya_ss/library/common_gui.py","kohya_ss/tools/resize_images_to_resolution.py","kohya_ss/library/utils.py","kohya_ss/library/resize_lora_gui.py","kohya_ss/library/localization.py","kohya_ss/tools/lycoris_locon_extract.py","kohya_ss/library/extract_lora_from_dylora_gui.py","kohya_ss/library/class_command_executor.py","kohya_ss/library/group_images_gui.py","kohya_ss/library/manual_caption_gui.py","kohya_ss/library/dreambooth_folder_creation_gui.py","kohya_ss/library/original_unet.py","kohya_ss/library/slicing_vae.py","kohya_ss/library/class_sdxl_parameters.py","kohya_ss/library/blip_caption_gui.py","kohya_ss/library/utilities.py","kohya_ss/tools/blip2-for-sd/caption_processor.py","kohya_ss/tools/blip2-for-sd/main.py","kohya_ss/library/ipex_interop.py","kohya_ss/library/verify_lora_gui.py","kohya_ss/library/class_source_model.py","kohya_ss/library/config_util.py","kohya_ss/library/class_lora_tab.py","kohya_ss/library/custom_logging.py","kohya_ss/library/merge_lycoris_gui.py","kohya_ss/library/convert_lcm_gui.py","kohya_ss/library/custom_train_functions.py","kohya_ss/library/sai_model_spec.py","kohya_ss/library/hypernetwork.py","kohya_ss/library/ipex/attention.py","kohya_ss/library/train_util.py","kohya_ss/library/ipex/diffusers.py","kohya_ss/library/ipex/__init__.py","kohya_ss/library/ipex/hijacks.py","kohya_ss/library/ipex/gradscaler.py","kohya_ss/finetune/hypernetwork_nai.py","kohya_ss/networks/check_lora_weights.py"],"linesOfCode":52377,"name":"python"},"javascript":{"displayName":"JavaScript/TypeScript","files":["kohya_ss/js/script.js","kohya_ss/js/localization.js"],"linesOfCode":154,"name":"javascript"}}}